country ,type,weekday,year,month,day,localtime,timeofday
ussr,Atmospheric,Monday,1949,8,29,3:00:00,Night
ussr,Atmospheric,Wednesday,1950,11,30,3:00:00,Night
ussr,Atmospheric,Monday,1951,9,24,9:19:00,Morning
ussr,Atmospheric,Thursday,1951,10,18,6:53:00,Morning
ussr,Atmospheric,Wednesday,1953,8,12,3:00:00,Night
ussr,Atmospheric,Sunday,1953,8,23,5:00:00,Night
ussr,Atmospheric,Thursday,1953,9,3,3:00:00,Night
ussr,Atmospheric,Tuesday,1953,9,8,3:00:00,Night
ussr,Atmospheric,Thursday,1953,9,10,3:00:00,Night
ussr,Atmospheric,Tuesday,1954,9,14,9:33:00,Morning
ussr,Atmospheric,Wednesday,1954,9,29,3:00:00,Night
ussr,Atmospheric,Friday,1954,10,1,3:00:00,Night
ussr,Atmospheric,Sunday,1954,10,3,3:00:00,Night
ussr,Atmospheric,Tuesday,1954,10,5,6:00:00,Morning
ussr,Atmospheric,Friday,1954,10,8,3:00:00,Night
ussr,Atmospheric,Tuesday,1954,10,19,3:00:00,Night
ussr,Atmospheric,Saturday,1954,10,23,3:00:00,Night
ussr,Atmospheric,Tuesday,1954,10,26,3:00:00,Night
ussr,Atmospheric,Saturday,1954,10,30,7:00:00,Morning
ussr,Atmospheric,Sunday,1955,2,20,3:00:00,Night
ussr,Atmospheric,Friday,1955,7,29,5:00:00,Night
ussr,Atmospheric,Tuesday,1955,8,2,6:00:00,Morning
ussr,Atmospheric,Friday,1955,8,5,3:00:00,Night
ussr,Atmospheric,Wednesday,1955,9,21,3:00:00,Night
ussr,Underwater,Wednesday,1955,9,21,3:00:00,Night
ussr,Atmospheric,Sunday,1955,11,6,7:50:00,Morning
ussr,Atmospheric,Tuesday,1955,11,22,3:00:00,Night
ussr,Atmospheric,Thursday,1956,2,2,3:00:00,Night
ussr,Atmospheric,Friday,1956,3,16,8:00:00,Morning
ussr,Atmospheric,Sunday,1956,3,25,3:00:00,Night
ussr,Atmospheric,Friday,1956,8,24,3:15:00,Night
ussr,Atmospheric,Thursday,1956,8,30,3:00:00,Night
ussr,Atmospheric,Sunday,1956,9,2,3:00:00,Night
ussr,Atmospheric,Monday,1956,9,10,3:00:00,Night
ussr,Atmospheric,Saturday,1956,11,17,3:00:00,Night
ussr,Atmospheric,Friday,1956,12,14,3:00:00,Night
ussr,Atmospheric,Saturday,1957,1,19,3:00:00,Night
ussr,Atmospheric,Friday,1957,3,8,3:00:00,Night
ussr,Atmospheric,Wednesday,1957,4,3,3:00:00,Night
ussr,Atmospheric,Saturday,1957,4,6,3:00:00,Night
ussr,Atmospheric,Wednesday,1957,4,10,3:00:00,Night
ussr,Atmospheric,Friday,1957,4,12,3:00:00,Night
ussr,Atmospheric,Tuesday,1957,4,16,3:00:00,Night
ussr,Atmospheric,Thursday,1957,8,22,9:30:00,Morning
ussr,Atmospheric,Monday,1957,8,26,3:00:00,Night
ussr,Atmospheric,Saturday,1957,9,7,11:00:01,Morning
ussr,Atmospheric,Friday,1957,9,13,3:00:00,Night
ussr,Atmospheric,Tuesday,1957,9,24,12:00:00,Afternoon
ussr,Atmospheric,Thursday,1957,9,26,8:00:00,Morning
ussr,Atmospheric,Sunday,1957,10,6,12:00:00,Afternoon
ussr,Underwater,Thursday,1957,10,10,9:54:32,Morning
ussr,Atmospheric,Saturday,1957,12,28,3:00:00,Night
ussr,Atmospheric,Saturday,1958,1,4,3:00:00,Night
ussr,Atmospheric,Friday,1958,1,17,3:00:00,Night
ussr,Atmospheric,Sunday,1958,2,23,3:00:00,Night
ussr,Atmospheric,Thursday,1958,2,27,13:24:00,Afternoon
ussr,Atmospheric,Thursday,1958,2,27,10:59:00,Morning
ussr,Atmospheric,Thursday,1958,3,13,3:00:00,Night
ussr,Atmospheric,Thursday,1958,3,13,3:00:00,Night
ussr,Atmospheric,Friday,1958,3,14,3:00:00,Night
ussr,Atmospheric,Friday,1958,3,14,3:00:00,Night
ussr,Atmospheric,Saturday,1958,3,15,3:00:00,Night
ussr,Atmospheric,Saturday,1958,3,15,3:00:00,Night
ussr,Atmospheric,Tuesday,1958,3,18,3:00:00,Night
ussr,Atmospheric,Thursday,1958,3,20,3:00:00,Night
ussr,Atmospheric,Friday,1958,3,21,3:00:00,Night
ussr,Atmospheric,Saturday,1958,3,22,3:00:00,Night
ussr,Atmospheric,Tuesday,1958,9,30,10:50:00,Morning
ussr,Atmospheric,Tuesday,1958,9,30,12:55:00,Afternoon
ussr,Atmospheric,Thursday,1958,10,2,11:00:00,Morning
ussr,Atmospheric,Thursday,1958,10,2,12:01:00,Afternoon
ussr,Atmospheric,Saturday,1958,10,4,3:00:00,Night
ussr,Atmospheric,Sunday,1958,10,5,9:00:00,Morning
ussr,Atmospheric,Monday,1958,10,6,3:00:00,Night
ussr,Atmospheric,Friday,1958,10,10,10:51:00,Morning
ussr,Atmospheric,Sunday,1958,10,12,10:53:34,Morning
ussr,Atmospheric,Wednesday,1958,10,15,10:51:14,Morning
ussr,Atmospheric,Saturday,1958,10,18,12:51:06,Afternoon
ussr,Atmospheric,Sunday,1958,10,19,10:27:00,Morning
ussr,Atmospheric,Sunday,1958,10,19,3:00:00,Night
ussr,Atmospheric,Monday,1958,10,20,11:20:00,Morning
ussr,Atmospheric,Tuesday,1958,10,21,3:00:00,Night
ussr,Atmospheric,Wednesday,1958,10,22,11:21:04,Morning
ussr,Atmospheric,Friday,1958,10,24,11:03:06,Morning
ussr,Atmospheric,Saturday,1958,10,25,11:20:00,Morning
ussr,Atmospheric,Saturday,1958,10,25,3:00:00,Night
ussr,Atmospheric,Saturday,1958,11,1,3:00:00,Night
ussr,Atmospheric,Monday,1958,11,3,3:00:00,Night
ussr,Atmospheric,Friday,1961,9,1,3:00:00,Night
ussr,Atmospheric,Monday,1961,9,4,8:00:27,Morning
ussr,Atmospheric,Tuesday,1961,9,5,9:00:05,Morning
ussr,Atmospheric,Wednesday,1961,9,6,12:00:00,Afternoon
ussr,Atmospheric,Wednesday,1961,9,6,3:00:00,Night
ussr,Atmospheric,Saturday,1961,9,9,3:00:00,Night
ussr,Atmospheric,Sunday,1961,9,10,3:00:00,Night
ussr,Atmospheric,Sunday,1961,9,10,12:00:09,Afternoon
ussr,Atmospheric,Sunday,1961,9,10,14:00:00,Afternoon
ussr,Atmospheric,Monday,1961,9,11,3:00:00,Night
ussr,Atmospheric,Tuesday,1961,9,12,13:08:15,Afternoon
ussr,Atmospheric,Wednesday,1961,9,13,8:01:56,Morning
ussr,Atmospheric,Wednesday,1961,9,13,3:00:00,Night
ussr,Atmospheric,Thursday,1961,9,14,12:56:17,Afternoon
ussr,Atmospheric,Thursday,1961,9,14,8:59:59,Morning
ussr,Atmospheric,Saturday,1961,9,16,12:08:14,Afternoon
ussr,Atmospheric,Sunday,1961,9,17,10:00:47,Morning
ussr,Atmospheric,Monday,1961,9,18,10:59:37,Morning
ussr,Atmospheric,Monday,1961,9,18,3:00:00,Night
ussr,Atmospheric,Monday,1961,9,18,3:00:00,Night
ussr,Atmospheric,Tuesday,1961,9,19,3:00:00,Night
ussr,Atmospheric,Wednesday,1961,9,20,11:12:12,Morning
ussr,Atmospheric,Wednesday,1961,9,20,3:00:00,Night
ussr,Atmospheric,Thursday,1961,9,21,17:01:02,Afternoon
ussr,Atmospheric,Friday,1961,9,22,11:11:00,Morning
ussr,Atmospheric,Tuesday,1961,9,26,10:01:20,Morning
ussr,Atmospheric,Sunday,1961,10,1,3:00:00,Night
ussr,Atmospheric,Monday,1961,10,2,13:30:50,Afternoon
ussr,Atmospheric,Wednesday,1961,10,4,10:30:55,Morning
ussr,Atmospheric,Wednesday,1961,10,4,10:01:20,Morning
ussr,Atmospheric,Friday,1961,10,6,10:00:12,Morning
ussr,Atmospheric,Friday,1961,10,6,3:00:00,Night
ussr,Atmospheric,Sunday,1961,10,8,3:00:00,Night
ussr,Underground,Wednesday,1961,10,11,10:40:00,Morning
ussr,Atmospheric,Thursday,1961,10,12,8:31:04,Morning
ussr,Atmospheric,Tuesday,1961,10,17,10:00:01,Morning
ussr,Atmospheric,Thursday,1961,10,19,8:30:43,Morning
ussr,Atmospheric,Friday,1961,10,20,11:07:02,Morning
ussr,Atmospheric,Monday,1961,10,23,13:30:48,Afternoon
ussr,Underwater,Monday,1961,10,23,11:31:22,Morning
ussr,Atmospheric,Wednesday,1961,10,25,11:31:05,Morning
ussr,Atmospheric,Wednesday,1961,10,25,3:00:00,Night
ussr,Atmospheric,Friday,1961,10,27,11:30:27,Morning
ussr,Atmospheric,Friday,1961,10,27,3:00:00,Night
ussr,Atmospheric,Friday,1961,10,27,3:00:00,Night
ussr,Atmospheric,Monday,1961,10,30,3:00:00,Night
ussr,Atmospheric,Monday,1961,10,30,11:33:28,Morning
ussr,Atmospheric,Tuesday,1961,10,31,11:29:17,Morning
ussr,Atmospheric,Tuesday,1961,10,31,11:38:00,Morning
ussr,Atmospheric,Wednesday,1961,11,1,3:00:00,Night
ussr,Atmospheric,Thursday,1961,11,2,3:00:00,Night
ussr,Atmospheric,Thursday,1961,11,2,11:41:00,Morning
ussr,Atmospheric,Thursday,1961,11,2,3:00:00,Night
ussr,Atmospheric,Friday,1961,11,3,3:00:00,Night
ussr,Atmospheric,Friday,1961,11,3,3:00:00,Night
ussr,Atmospheric,Saturday,1961,11,4,10:20:20,Morning
ussr,Atmospheric,Saturday,1961,11,4,3:00:00,Night
ussr,Atmospheric,Saturday,1961,11,4,3:00:00,Night
ussr,Atmospheric,Saturday,1961,11,4,3:00:00,Night
ussr,Underground,Friday,1962,2,2,11:00:00,Morning
ussr,Atmospheric,Wednesday,1962,8,1,3:00:00,Night
ussr,Atmospheric,Friday,1962,8,3,3:00:00,Night
ussr,Atmospheric,Saturday,1962,8,4,3:00:00,Night
ussr,Atmospheric,Sunday,1962,8,5,12:08:46,Afternoon
ussr,Atmospheric,Tuesday,1962,8,7,6:00:00,Morning
ussr,Atmospheric,Friday,1962,8,10,12:00:00,Afternoon
ussr,Atmospheric,Saturday,1962,8,18,3:00:00,Night
ussr,Atmospheric,Saturday,1962,8,18,3:00:00,Night
ussr,Atmospheric,Monday,1962,8,20,12:02:14,Afternoon
ussr,Atmospheric,Tuesday,1962,8,21,3:00:00,Night
ussr,Atmospheric,Wednesday,1962,8,22,12:00:04,Afternoon
ussr,Atmospheric,Wednesday,1962,8,22,3:00:00,Night
ussr,Atmospheric,Wednesday,1962,8,22,3:00:00,Night
ussr,Atmospheric,Thursday,1962,8,23,3:00:00,Night
ussr,Atmospheric,Saturday,1962,8,25,12:00:00,Afternoon
ussr,Atmospheric,Saturday,1962,8,25,8:40:00,Morning
ussr,Atmospheric,Monday,1962,8,27,12:00:51,Afternoon
ussr,Atmospheric,Monday,1962,8,27,3:00:00,Night
ussr,Atmospheric,Friday,1962,8,31,3:00:00,Night
ussr,Atmospheric,Sunday,1962,9,2,3:00:00,Night
ussr,Atmospheric,Thursday,1962,9,6,3:00:00,Night
ussr,Atmospheric,Saturday,1962,9,8,13:17:58,Afternoon
ussr,Atmospheric,Saturday,1962,9,15,11:02:14,Morning
ussr,Atmospheric,Sunday,1962,9,16,13:59:11,Afternoon
ussr,Atmospheric,Tuesday,1962,9,18,11:29:03,Morning
ussr,Atmospheric,Tuesday,1962,9,18,3:00:00,Night
ussr,Atmospheric,Wednesday,1962,9,19,14:00:56,Afternoon
ussr,Atmospheric,Friday,1962,9,21,11:00:00,Morning
ussr,Atmospheric,Saturday,1962,9,22,3:00:00,Night
ussr,Atmospheric,Monday,1962,9,24,3:00:00,Night
ussr,Atmospheric,Tuesday,1962,9,25,16:02:32,Afternoon
ussr,Atmospheric,Tuesday,1962,9,25,3:00:00,Night
ussr,Atmospheric,Thursday,1962,9,27,11:03:16,Morning
ussr,Atmospheric,Friday,1962,9,28,3:00:00,Night
ussr,Atmospheric,Sunday,1962,10,7,19:32:00,Evening
ussr,Atmospheric,Tuesday,1962,10,9,3:00:00,Night
ussr,Atmospheric,Tuesday,1962,10,9,3:00:00,Night
ussr,Atmospheric,Wednesday,1962,10,10,3:00:00,Night
ussr,Atmospheric,Saturday,1962,10,13,3:00:00,Night
ussr,Atmospheric,Sunday,1962,10,14,3:00:00,Night
ussr,Atmospheric,Saturday,1962,10,20,3:00:00,Night
ussr,Atmospheric,Monday,1962,10,22,12:06:10,Afternoon
ussr,Atmospheric,Monday,1962,10,22,6:40:45,Morning
ussr,Atmospheric,Saturday,1962,10,27,10:35:00,Morning
ussr,Atmospheric,Sunday,1962,10,28,3:00:00,Night
ussr,Atmospheric,Sunday,1962,10,28,3:00:00,Night
ussr,Atmospheric,Sunday,1962,10,28,7:41:20,Morning
ussr,Atmospheric,Monday,1962,10,29,10:35:00,Morning
ussr,Atmospheric,Tuesday,1962,10,30,3:00:00,Night
ussr,Atmospheric,Tuesday,1962,10,30,3:00:00,Night
ussr,Atmospheric,Wednesday,1962,10,31,3:00:00,Night
ussr,Atmospheric,Thursday,1962,11,1,9:30:00,Morning
ussr,Atmospheric,Thursday,1962,11,1,12:20:00,Afternoon
ussr,Atmospheric,Thursday,1962,11,1,12:12:00,Afternoon
ussr,Atmospheric,Saturday,1962,11,3,11:31:00,Morning
ussr,Atmospheric,Saturday,1962,11,3,3:00:00,Night
ussr,Atmospheric,Saturday,1962,11,3,3:00:00,Night
ussr,Atmospheric,Sunday,1962,11,4,3:00:00,Night
ussr,Atmospheric,Monday,1962,11,5,3:00:00,Night
ussr,Atmospheric,Sunday,1962,11,11,3:00:00,Night
ussr,Atmospheric,Tuesday,1962,11,13,3:00:00,Night
ussr,Atmospheric,Wednesday,1962,11,14,3:00:00,Night
ussr,Atmospheric,Saturday,1962,11,17,3:00:00,Night
ussr,Atmospheric,Saturday,1962,11,24,3:00:00,Night
ussr,Atmospheric,Monday,1962,11,26,3:00:00,Night
ussr,Atmospheric,Saturday,1962,12,1,3:00:00,Night
ussr,Atmospheric,Tuesday,1962,12,18,13:45:00,Afternoon
ussr,Atmospheric,Tuesday,1962,12,18,3:00:00,Night
ussr,Atmospheric,Thursday,1962,12,20,3:00:00,Night
ussr,Atmospheric,Saturday,1962,12,22,3:00:00,Night
ussr,Atmospheric,Sunday,1962,12,23,14:15:00,Afternoon
ussr,Atmospheric,Sunday,1962,12,23,3:00:00,Night
ussr,Atmospheric,Sunday,1962,12,23,3:00:00,Night
ussr,Atmospheric,Sunday,1962,12,23,3:00:00,Night
ussr,Atmospheric,Monday,1962,12,24,14:11:42,Afternoon
ussr,Atmospheric,Monday,1962,12,24,13:44:22,Afternoon
ussr,Atmospheric,Monday,1962,12,24,3:00:00,Night
ussr,Atmospheric,Monday,1962,12,24,3:00:00,Night
ussr,Atmospheric,Tuesday,1962,12,25,16:35:57,Afternoon
ussr,Atmospheric,Tuesday,1962,12,25,3:00:00,Night
ussr,Underground,Sunday,1964,3,15,11:00:00,Morning
ussr,Underground,Saturday,1964,5,16,9:01:00,Morning
ussr,Underground,Saturday,1964,6,6,3:00:00,Night
ussr,Underground,Sunday,1964,7,19,9:00:01,Morning
ussr,Underground,Tuesday,1964,8,18,9:00:00,Morning
ussr,Underground,Friday,1964,9,18,11:00:00,Morning
ussr,Underground,Wednesday,1964,9,30,3:00:00,Night
ussr,Underground,Sunday,1964,10,25,10:59:58,Morning
ussr,Underground,Monday,1964,11,16,9:00:00,Morning
ussr,Underground,Friday,1965,1,15,9:00:01,Morning
ussr,Underground,Thursday,1965,2,4,9:00:00,Morning
ussr,Underground,Wednesday,1965,3,3,9:14:59,Morning
ussr,Underground,Saturday,1965,3,27,9:30:00,Morning
ussr,Underground,Tuesday,1965,3,30,11:00:00,Morning
ussr,Underground,Tuesday,1965,3,30,11:00:00,Morning
ussr,Underground,Tuesday,1965,5,11,9:40:00,Morning
ussr,Underground,Thursday,1965,6,10,10:00:00,Morning
ussr,Underground,Thursday,1965,6,17,6:45:00,Morning
ussr,Underground,Thursday,1965,7,29,6:05:00,Morning
ussr,Underground,Friday,1965,9,17,7:00:00,Morning
ussr,Underground,Friday,1965,10,8,9:00:00,Morning
ussr,Underground,Thursday,1965,10,14,7:00:00,Morning
ussr,Underground,Sunday,1965,11,21,7:58:00,Morning
ussr,Underground,Friday,1965,12,24,8:00:00,Morning
ussr,Underground,Sunday,1966,2,13,7:58:00,Morning
ussr,Underground,Sunday,1966,3,20,8:50:00,Morning
ussr,Underground,Thursday,1966,4,21,6:58:00,Morning
ussr,Underground,Friday,1966,4,22,5:58:00,Night
ussr,Underground,Saturday,1966,5,7,6:58:00,Morning
ussr,Underground,Wednesday,1966,6,29,9:58:01,Morning
ussr,Underground,Thursday,1966,7,21,6:58:00,Morning
ussr,Underground,Friday,1966,8,5,6:58:00,Morning
ussr,Underground,Friday,1966,8,19,6:53:00,Morning
ussr,Underground,Wednesday,1966,9,7,6:52:00,Morning
ussr,Underground,Friday,1966,9,30,8:59:51,Morning
ussr,Underground,Wednesday,1966,10,19,6:58:00,Morning
ussr,Underground,Thursday,1966,10,27,8:57:58,Morning
ussr,Underground,Thursday,1966,10,27,9:00:00,Morning
ussr,Underground,Saturday,1966,10,29,6:58:00,Morning
ussr,Underground,Saturday,1966,11,19,6:58:00,Morning
ussr,Underground,Saturday,1966,12,3,8:02:00,Morning
ussr,Underground,Saturday,1966,12,3,8:02:00,Morning
ussr,Underground,Sunday,1966,12,18,7:58:00,Morning
ussr,Underground,Monday,1967,1,30,7:02:00,Morning
ussr,Underground,Monday,1967,1,30,7:02:00,Morning
ussr,Underground,Sunday,1967,2,26,6:58:00,Morning
ussr,Underground,Saturday,1967,3,25,8:58:01,Morning
ussr,Underground,Saturday,1967,3,25,8:58:01,Morning
ussr,Underground,Thursday,1967,4,20,7:08:00,Morning
ussr,Underground,Sunday,1967,5,28,7:08:00,Morning
ussr,Underground,Sunday,1967,5,28,7:08:00,Morning
ussr,Underground,Thursday,1967,6,29,5:57:00,Night
ussr,Underground,Saturday,1967,7,15,6:27:00,Morning
ussr,Underground,Friday,1967,8,4,9:58:00,Morning
ussr,Underground,Friday,1967,8,4,9:58:00,Morning
ussr,Underground,Saturday,1967,9,2,7:04:00,Morning
ussr,Underground,Saturday,1967,9,16,7:04:00,Morning
ussr,Underground,Friday,1967,9,22,8:03:59,Morning
ussr,Underground,Friday,1967,10,6,9:59:58,Morning
ussr,Underground,Tuesday,1967,10,17,8:04:00,Morning
ussr,Underground,Tuesday,1967,10,17,8:04:00,Morning
ussr,Underground,Saturday,1967,10,21,7:59:58,Morning
ussr,Underground,Saturday,1967,10,21,7:59:59,Morning
ussr,Underground,Monday,1967,10,30,9:04:00,Morning
ussr,Underground,Wednesday,1967,11,22,7:04:00,Morning
ussr,Underground,Friday,1967,12,8,9:04:00,Morning
ussr,Underground,Sunday,1968,1,7,6:47:00,Morning
ussr,Underground,Wednesday,1968,4,24,13:36:00,Afternoon
ussr,Underground,Tuesday,1968,5,21,6:59:12,Morning
ussr,Underground,Thursday,1968,5,23,3:00:00,Night
ussr,Underground,Tuesday,1968,6,11,6:06:00,Morning
ussr,Underground,Wednesday,1968,6,19,8:06:00,Morning
ussr,Underground,Monday,1968,7,1,7:02:01,Morning
ussr,Underground,Friday,1968,7,12,15:08:00,Afternoon
ussr,Underground,Friday,1968,7,12,15:08:00,Afternoon
ussr,Underground,Tuesday,1968,8,20,7:06:00,Morning
ussr,Underground,Tuesday,1968,8,20,7:06:00,Morning
ussr,Underground,Thursday,1968,9,5,7:06:00,Morning
ussr,Underground,Sunday,1968,9,29,6:43:00,Morning
ussr,Underground,Monday,1968,10,21,6:52:00,Morning
ussr,Underground,Tuesday,1968,10,29,6:54:00,Morning
ussr,Underground,Thursday,1968,11,7,13:02:06,Afternoon
ussr,Underground,Thursday,1968,11,7,13:02:06,Afternoon
ussr,Underground,Thursday,1968,11,7,13:02:05,Afternoon
ussr,Underground,Saturday,1968,11,9,5:54:00,Night
ussr,Underground,Tuesday,1968,11,12,10:30:00,Morning
ussr,Underground,Tuesday,1968,11,12,10:30:00,Morning
ussr,Underground,Tuesday,1968,11,12,10:30:00,Morning
ussr,Underground,Wednesday,1968,12,18,8:02:00,Morning
ussr,Underground,Friday,1969,3,7,11:27:00,Morning
ussr,Underground,Friday,1969,4,4,7:57:00,Morning
ussr,Underground,Sunday,1969,4,13,3:00:00,Night
ussr,Underground,Friday,1969,5,16,7:03:00,Morning
ussr,Underground,Saturday,1969,5,31,8:01:59,Morning
ussr,Underground,Friday,1969,7,4,5:47:00,Night
ussr,Underground,Friday,1969,7,4,5:47:00,Night
ussr,Underground,Wednesday,1969,7,23,5:47:00,Night
ussr,Underground,Tuesday,1969,9,2,7:59:59,Morning
ussr,Underground,Monday,1969,9,8,7:59:59,Morning
ussr,Underground,Thursday,1969,9,11,7:02:00,Morning
ussr,Underground,Thursday,1969,9,11,7:02:00,Morning
ussr,Underground,Friday,1969,9,26,9:59:58,Morning
ussr,Underground,Wednesday,1969,10,1,7:03:00,Morning
ussr,Underground,Wednesday,1969,10,1,7:03:00,Morning
ussr,Underground,Tuesday,1969,10,14,10:00:07,Morning
ussr,Underground,Tuesday,1969,10,14,10:00:07,Morning
ussr,Underground,Tuesday,1969,10,14,10:00:07,Morning
ussr,Underground,Thursday,1969,10,30,3:00:00,Night
ussr,Underground,Thursday,1969,11,27,8:02:00,Morning
ussr,Underground,Sunday,1969,11,30,6:33:00,Morning
ussr,Underground,Saturday,1969,12,6,10:03:00,Morning
ussr,Underground,Sunday,1969,12,28,6:47:00,Morning
ussr,Underground,Monday,1969,12,29,7:02:00,Morning
ussr,Underground,Thursday,1970,1,29,10:03:00,Morning
ussr,Underground,Thursday,1970,1,29,10:03:00,Morning
ussr,Underground,Thursday,1970,1,29,10:03:00,Morning
ussr,Underground,Wednesday,1970,2,18,3:00:00,Night
ussr,Underground,Friday,1970,3,27,8:03:00,Morning
ussr,Underground,Wednesday,1970,5,27,7:03:00,Morning
ussr,Underground,Thursday,1970,6,25,7:59:56,Morning
ussr,Underground,Sunday,1970,6,28,4:58:00,Night
ussr,Underground,Sunday,1970,6,28,4:58:00,Night
ussr,Underground,Sunday,1970,6,28,4:58:00,Night
ussr,Underground,Tuesday,1970,7,21,6:03:00,Morning
ussr,Underground,Friday,1970,7,24,6:57:00,Morning
ussr,Underground,Sunday,1970,9,6,7:03:00,Morning
ussr,Underground,Sunday,1970,9,6,7:03:00,Morning
ussr,Underground,Wednesday,1970,10,14,8:59:58,Morning
ussr,Underground,Wednesday,1970,10,14,8:59:58,Morning
ussr,Underground,Wednesday,1970,10,14,8:59:58,Morning
ussr,Underground,Wednesday,1970,11,4,9:03:00,Morning
ussr,Underground,Saturday,1970,12,12,10:01:00,Morning
ussr,Underground,Thursday,1970,12,17,10:01:00,Morning
ussr,Underground,Wednesday,1970,12,23,10:01:00,Morning
ussr,Underground,Friday,1971,1,29,8:03:00,Morning
ussr,Underground,Monday,1971,3,22,7:33:00,Morning
ussr,Underground,Monday,1971,3,22,7:33:00,Morning
ussr,Underground,Tuesday,1971,3,23,9:59:58,Morning
ussr,Underground,Tuesday,1971,3,23,9:59:58,Morning
ussr,Underground,Tuesday,1971,3,23,9:59:58,Morning
ussr,Underground,Friday,1971,4,9,5:33:00,Night
ussr,Underground,Sunday,1971,4,25,6:33:00,Morning
ussr,Underground,Tuesday,1971,5,25,7:03:00,Morning
ussr,Underground,Sunday,1971,6,6,7:03:00,Morning
ussr,Underground,Saturday,1971,6,19,7:04:00,Morning
ussr,Underground,Wednesday,1971,6,30,6:57:00,Morning
ussr,Underground,Friday,1971,7,2,20:00:01,Evening
ussr,Underground,Saturday,1971,7,10,20:00:01,Evening
ussr,Underground,Sunday,1971,9,19,14:00:01,Afternoon
ussr,Underground,Monday,1971,9,27,8:59:56,Morning
ussr,Underground,Monday,1971,9,27,8:59:56,Morning
ussr,Underground,Monday,1971,9,27,8:59:56,Morning
ussr,Underground,Monday,1971,9,27,8:59:56,Morning
ussr,Underground,Monday,1971,10,4,13:00:00,Afternoon
ussr,Underground,Saturday,1971,10,9,9:03:00,Morning
ussr,Underground,Thursday,1971,10,21,9:03:00,Morning
ussr,Underground,Friday,1971,10,22,8:00:01,Morning
ussr,Underground,Monday,1971,11,29,9:03:00,Morning
ussr,Underground,Monday,1971,11,29,9:03:00,Morning
ussr,Underground,Wednesday,1971,12,15,10:54:00,Morning
ussr,Underground,Wednesday,1971,12,22,9:59:59,Morning
ussr,Underground,Thursday,1971,12,30,9:21:00,Morning
ussr,Underground,Thursday,1971,12,30,9:21:00,Morning
ussr,Underground,Thursday,1972,2,10,8:03:00,Morning
ussr,Underground,Friday,1972,3,10,7:57:00,Morning
ussr,Underground,Friday,1972,3,10,7:57:00,Morning
ussr,Underground,Tuesday,1972,3,28,7:22:00,Morning
ussr,Underground,Tuesday,1972,3,28,7:22:00,Morning
ussr,Underground,Tuesday,1972,3,28,7:22:00,Morning
ussr,Underground,Tuesday,1972,4,11,9:00:02,Morning
ussr,Underground,Thursday,1972,4,20,3:00:00,Night
ussr,Underground,Wednesday,1972,6,7,4:28:00,Night
ussr,Underground,Wednesday,1972,6,7,4:28:00,Night
ussr,Underground,Thursday,1972,7,6,4:03:00,Night
ussr,Underground,Sunday,1972,7,9,10:00:01,Morning
ussr,Underground,Thursday,1972,7,27,13:00:00,Afternoon
ussr,Underground,Wednesday,1972,8,16,6:17:00,Morning
ussr,Underground,Sunday,1972,8,20,6:00:00,Morning
ussr,Underground,Saturday,1972,8,26,6:47:00,Morning
ussr,Underground,Monday,1972,8,28,8:59:57,Morning
ussr,Underground,Monday,1972,8,28,8:59:57,Morning
ussr,Underground,Monday,1972,8,28,8:59:57,Morning
ussr,Underground,Monday,1972,8,28,8:59:57,Morning
ussr,Underground,Saturday,1972,9,2,11:57:00,Morning
ussr,Underground,Monday,1972,9,4,10:00:00,Morning
ussr,Underground,Thursday,1972,9,21,12:00:00,Afternoon
ussr,Underground,Tuesday,1972,10,3,12:00:00,Afternoon
ussr,Underground,Thursday,1972,11,2,4:27:00,Night
ussr,Underground,Friday,1972,11,24,13:00:00,Afternoon
ussr,Underground,Friday,1972,11,24,12:00:00,Afternoon
ussr,Underground,Sunday,1972,12,10,7:27:10,Morning
ussr,Underground,Sunday,1972,12,10,7:27:00,Morning
ussr,Underground,Sunday,1972,12,10,7:27:00,Morning
ussr,Underground,Thursday,1972,12,28,7:27:00,Morning
ussr,Underground,Friday,1973,2,16,8:03:00,Morning
ussr,Underground,Thursday,1973,4,19,7:33:00,Morning
ussr,Underground,Tuesday,1973,7,10,4:27:00,Night
ussr,Underground,Tuesday,1973,7,10,4:27:00,Night
ussr,Underground,Tuesday,1973,7,10,4:27:00,Night
ussr,Underground,Monday,1973,7,23,4:23:00,Night
ussr,Underground,Wednesday,1973,8,15,5:00:00,Night
ussr,Underground,Tuesday,1973,8,28,6:00:00,Morning
ussr,Underground,Wednesday,1973,9,12,9:59:55,Morning
ussr,Underground,Wednesday,1973,9,12,9:59:55,Morning
ussr,Underground,Wednesday,1973,9,12,9:59:55,Morning
ussr,Underground,Wednesday,1973,9,12,9:59:55,Morning
ussr,Underground,Wednesday,1973,9,19,6:00:00,Morning
ussr,Underground,Thursday,1973,9,20,3:00:00,Night
ussr,Underground,Thursday,1973,9,27,10:00:01,Morning
ussr,Underground,Sunday,1973,9,30,8:00:00,Morning
ussr,Underground,Friday,1973,10,26,9:00:00,Morning
ussr,Underground,Friday,1973,10,26,7:27:00,Morning
ussr,Underground,Saturday,1973,10,27,10:00:01,Morning
ussr,Underground,Sunday,1973,11,4,6:57:00,Morning
ussr,Underground,Friday,1973,12,14,10:47:00,Morning
ussr,Underground,Monday,1973,12,31,7:03:00,Morning
ussr,Underground,Wednesday,1974,1,30,7:57:05,Morning
ussr,Underground,Wednesday,1974,1,30,7:57:05,Morning
ussr,Underground,Wednesday,1974,1,30,7:57:05,Morning
ussr,Underground,Thursday,1974,2,28,3:00:00,Night
ussr,Underground,Tuesday,1974,4,16,8:53:00,Morning
ussr,Underground,Thursday,1974,5,16,6:03:00,Morning
ussr,Underground,Friday,1974,5,31,6:27:00,Morning
ussr,Underground,Tuesday,1974,6,25,6:57:00,Morning
ussr,Underground,Monday,1974,7,8,9:00:00,Morning
ussr,Underground,Wednesday,1974,7,10,5:57:00,Night
ussr,Underground,Monday,1974,7,29,6:28:00,Morning
ussr,Underground,Wednesday,1974,8,14,18:00:00,Evening
ussr,Underground,Thursday,1974,8,29,18:00:00,Evening
ussr,Underground,Thursday,1974,8,29,12:59:56,Afternoon
ussr,Underground,Thursday,1974,8,29,12:59:56,Afternoon
ussr,Underground,Thursday,1974,8,29,12:59:56,Afternoon
ussr,Underground,Thursday,1974,8,29,12:59:56,Afternoon
ussr,Underground,Thursday,1974,8,29,12:59:56,Afternoon
ussr,Underground,Friday,1974,9,13,6:03:00,Morning
ussr,Underground,Wednesday,1974,10,2,4:00:01,Night
ussr,Underground,Wednesday,1974,10,16,9:33:00,Morning
ussr,Underground,Saturday,1974,11,2,8:00:00,Morning
ussr,Underground,Thursday,1974,11,28,8:57:00,Morning
ussr,Underground,Saturday,1974,12,7,8:59:59,Morning
ussr,Underground,Monday,1974,12,16,9:23:00,Morning
ussr,Underground,Monday,1974,12,16,9:41:00,Morning
ussr,Underground,Friday,1974,12,27,8:46:59,Morning
ussr,Underground,Thursday,1975,2,20,8:33:00,Morning
ussr,Underground,Thursday,1975,2,20,8:33:00,Morning
ussr,Underground,Thursday,1975,2,20,8:33:00,Morning
ussr,Underground,Thursday,1975,2,20,8:33:00,Morning
ussr,Underground,Tuesday,1975,3,11,8:43:00,Morning
ussr,Underground,Friday,1975,4,25,8:00:00,Morning
ussr,Underground,Sunday,1975,4,27,8:37:00,Morning
ussr,Underground,Sunday,1975,6,8,6:27:00,Morning
ussr,Underground,Monday,1975,6,30,6:27:00,Morning
ussr,Underground,Tuesday,1975,7,15,5:57:00,Night
ussr,Underground,Tuesday,1975,7,15,5:57:00,Night
ussr,Underground,Thursday,1975,8,7,6:57:00,Morning
ussr,Underground,Thursday,1975,8,7,6:57:00,Morning
ussr,Underground,Tuesday,1975,8,12,18:00:01,Evening
ussr,Underground,Saturday,1975,8,23,11:59:58,Morning
ussr,Underground,Saturday,1975,8,23,11:59:58,Morning
ussr,Underground,Saturday,1975,8,23,11:59:58,Morning
ussr,Underground,Saturday,1975,8,23,11:59:58,Morning
ussr,Underground,Saturday,1975,8,23,11:59:58,Morning
ussr,Underground,Saturday,1975,8,23,11:59:58,Morning
ussr,Underground,Saturday,1975,8,23,11:59:58,Morning
ussr,Underground,Saturday,1975,8,23,11:59:58,Morning
ussr,Underground,Monday,1975,9,29,14:00:00,Afternoon
ussr,Underground,Sunday,1975,10,5,7:27:00,Morning
ussr,Underground,Saturday,1975,10,18,12:00:00,Afternoon
ussr,Underground,Saturday,1975,10,18,12:00:00,Afternoon
ussr,Underground,Saturday,1975,10,18,11:59:59,Morning
ussr,Underground,Tuesday,1975,10,21,14:59:58,Afternoon
ussr,Underground,Tuesday,1975,10,21,14:59:58,Afternoon
ussr,Underground,Tuesday,1975,10,21,14:59:58,Afternoon
ussr,Underground,Tuesday,1975,10,21,14:59:58,Afternoon
ussr,Underground,Tuesday,1975,10,21,14:59:58,Afternoon
ussr,Underground,Wednesday,1975,10,29,7:47:00,Morning
ussr,Underground,Saturday,1975,12,13,7:57:00,Morning
ussr,Underground,Thursday,1975,12,25,8:17:00,Morning
ussr,Underground,Thursday,1976,1,15,7:47:00,Morning
ussr,Underground,Wednesday,1976,3,17,5:57:00,Night
ussr,Underground,Monday,1976,3,29,10:00:00,Morning
ussr,Underground,Saturday,1976,4,10,8:03:00,Morning
ussr,Underground,Wednesday,1976,4,21,8:03:00,Morning
ussr,Underground,Wednesday,1976,4,21,7:58:00,Morning
ussr,Underground,Wednesday,1976,5,19,5:57:00,Night
ussr,Underground,Wednesday,1976,6,9,6:03:00,Morning
ussr,Underground,Sunday,1976,7,4,5:57:00,Night
ussr,Underground,Friday,1976,7,23,5:33:00,Night
ussr,Underground,Thursday,1976,7,29,8:00:01,Morning
ussr,Underground,Wednesday,1976,8,4,5:57:00,Night
ussr,Underground,Saturday,1976,8,28,5:57:00,Night
ussr,Underground,Wednesday,1976,9,29,5:59:58,Night
ussr,Underground,Wednesday,1976,9,29,5:59:58,Night
ussr,Underground,Wednesday,1976,10,20,10:59:58,Morning
ussr,Underground,Wednesday,1976,10,20,10:59:58,Morning
ussr,Underground,Wednesday,1976,10,20,10:59:58,Morning
ussr,Underground,Wednesday,1976,10,20,10:59:58,Morning
ussr,Underground,Saturday,1976,10,30,7:57:00,Morning
ussr,Underground,Friday,1976,11,5,7:00:00,Morning
ussr,Underground,Tuesday,1976,11,23,8:03:00,Morning
ussr,Underground,Tuesday,1976,12,7,7:57:00,Morning
ussr,Underground,Tuesday,1976,12,7,7:57:00,Morning
ussr,Underground,Tuesday,1976,12,7,7:57:00,Morning
ussr,Underground,Thursday,1976,12,30,6:57:00,Morning
ussr,Underground,Thursday,1976,12,30,6:57:00,Morning
ussr,Underground,Tuesday,1977,3,29,6:56:58,Morning
ussr,Underground,Tuesday,1977,3,29,6:57:00,Morning
ussr,Underground,Tuesday,1977,3,29,6:57:00,Morning
ussr,Underground,Tuesday,1977,3,29,6:57:00,Morning
ussr,Underground,Monday,1977,4,25,7:07:00,Morning
ussr,Underground,Sunday,1977,5,29,5:57:00,Night
ussr,Underground,Wednesday,1977,6,29,6:07:00,Morning
ussr,Underground,Tuesday,1977,7,26,20:00:00,Evening
ussr,Underground,Saturday,1977,7,30,4:57:00,Night
ussr,Underground,Saturday,1977,7,30,4:57:00,Night
ussr,Underground,Wednesday,1977,8,10,1:00:00,Night
ussr,Underground,Wednesday,1977,8,17,7:27:00,Morning
ussr,Underground,Saturday,1977,8,20,1:00:01,Night
ussr,Underground,Thursday,1977,9,1,5:59:58,Night
ussr,Underground,Thursday,1977,9,1,5:59:58,Night
ussr,Underground,Thursday,1977,9,1,5:59:58,Night
ussr,Underground,Thursday,1977,9,1,5:59:58,Night
ussr,Underground,Monday,1977,9,5,6:03:00,Morning
ussr,Underground,Monday,1977,9,5,6:03:00,Morning
ussr,Underground,Saturday,1977,9,10,19:00:00,Evening
ussr,Underground,Friday,1977,9,30,9:59:58,Morning
ussr,Underground,Sunday,1977,10,9,13:59:58,Afternoon
ussr,Underground,Friday,1977,10,14,9:59:59,Morning
ussr,Underground,Saturday,1977,10,29,6:07:05,Morning
ussr,Underground,Saturday,1977,10,29,6:07:00,Morning
ussr,Underground,Saturday,1977,10,29,6:07:00,Morning
ussr,Underground,Sunday,1977,10,30,9:59:59,Morning
ussr,Underground,Saturday,1977,11,12,8:11:00,Morning
ussr,Underground,Sunday,1977,11,27,6:57:00,Morning
ussr,Underground,Wednesday,1977,11,30,7:07:00,Morning
ussr,Underground,Wednesday,1977,11,30,7:07:00,Morning
ussr,Underground,Monday,1977,12,26,7:03:00,Morning
ussr,Underground,Monday,1977,12,26,7:03:00,Morning
ussr,Underground,Monday,1977,12,26,7:03:00,Morning
ussr,Underground,Monday,1977,12,26,7:03:00,Morning
ussr,Underground,Monday,1977,12,26,7:03:00,Morning
ussr,Underground,Sunday,1978,3,19,6:47:00,Morning
ussr,Underground,Sunday,1978,3,26,6:57:00,Morning
ussr,Underground,Sunday,1978,3,26,6:57:00,Morning
ussr,Underground,Saturday,1978,4,22,6:07:00,Morning
ussr,Underground,Saturday,1978,4,22,6:07:00,Morning
ussr,Underground,Saturday,1978,4,22,6:07:00,Morning
ussr,Underground,Wednesday,1978,5,24,6:07:00,Morning
ussr,Underground,Monday,1978,5,29,7:57:00,Morning
ussr,Underground,Friday,1978,6,2,3:00:00,Night
ussr,Underground,Sunday,1978,6,11,5:57:00,Night
ussr,Underground,Wednesday,1978,7,5,5:47:00,Night
ussr,Underground,Friday,1978,7,28,5:47:00,Night
ussr,Underground,Friday,1978,7,28,5:47:00,Night
ussr,Underground,Friday,1978,7,28,5:47:00,Night
ussr,Underground,Friday,1978,7,28,5:47:00,Night
ussr,Underground,Friday,1978,7,28,5:47:00,Night
ussr,Underground,Wednesday,1978,8,9,21:00:01,Evening
ussr,Underground,Thursday,1978,8,10,10:59:58,Morning
ussr,Underground,Thursday,1978,8,10,10:59:58,Morning
ussr,Underground,Thursday,1978,8,10,10:59:58,Morning
ussr,Underground,Thursday,1978,8,10,10:59:58,Morning
ussr,Underground,Thursday,1978,8,10,10:59:58,Morning
ussr,Underground,Thursday,1978,8,10,10:59:58,Morning
ussr,Underground,Thursday,1978,8,24,21:00:00,Evening
ussr,Underground,Tuesday,1978,8,29,5:37:09,Night
ussr,Underground,Tuesday,1978,8,29,5:37:00,Night
ussr,Underground,Tuesday,1978,8,29,5:37:00,Night
ussr,Underground,Tuesday,1978,8,29,5:37:00,Night
ussr,Underground,Tuesday,1978,9,12,7:59:59,Morning
ussr,Underground,Friday,1978,9,15,5:37:00,Night
ussr,Underground,Wednesday,1978,9,20,8:03:00,Morning
ussr,Underground,Thursday,1978,9,21,18:00:00,Evening
ussr,Underground,Wednesday,1978,9,27,5:04:59,Night
ussr,Underground,Wednesday,1978,9,27,5:04:59,Night
ussr,Underground,Wednesday,1978,9,27,5:04:59,Night
ussr,Underground,Wednesday,1978,9,27,5:04:59,Night
ussr,Underground,Wednesday,1978,9,27,5:04:59,Night
ussr,Underground,Wednesday,1978,9,27,5:04:59,Night
ussr,Underground,Wednesday,1978,9,27,5:04:59,Night
ussr,Underground,Sunday,1978,10,8,3:00:00,Night
ussr,Underground,Sunday,1978,10,15,8:37:00,Morning
ussr,Underground,Tuesday,1978,10,17,7:59:59,Morning
ussr,Underground,Tuesday,1978,10,17,17:00:00,Afternoon
ussr,Underground,Tuesday,1978,10,17,7:59:59,Morning
ussr,Underground,Tuesday,1978,10,31,7:17:00,Morning
ussr,Underground,Saturday,1978,11,4,8:06:00,Morning
ussr,Underground,Saturday,1978,11,4,8:06:00,Morning
ussr,Underground,Wednesday,1978,11,29,7:33:00,Morning
ussr,Underground,Wednesday,1978,11,29,7:33:00,Morning
ussr,Underground,Wednesday,1978,11,29,7:33:05,Morning
ussr,Underground,Thursday,1978,11,30,10:59:59,Morning
ussr,Underground,Thursday,1978,12,14,7:43:00,Morning
ussr,Underground,Monday,1978,12,18,10:59:59,Morning
ussr,Underground,Wednesday,1978,12,20,7:33:00,Morning
ussr,Underground,Wednesday,1978,12,20,7:33:00,Morning
ussr,Underground,Wednesday,1979,1,10,11:00:00,Morning
ussr,Underground,Wednesday,1979,1,17,10:59:59,Morning
ussr,Underground,Wednesday,1979,1,17,10:59:59,Morning
ussr,Underground,Thursday,1979,2,1,7:13:00,Morning
ussr,Underground,Friday,1979,2,16,7:04:01,Morning
ussr,Underground,Friday,1979,2,16,7:04:01,Morning
ussr,Underground,Friday,1979,3,23,3:00:00,Night
ussr,Underground,Tuesday,1979,4,10,3:00:00,Night
ussr,Underground,Sunday,1979,5,6,6:17:00,Morning
ussr,Underground,Sunday,1979,5,6,6:17:00,Morning
ussr,Underground,Thursday,1979,5,31,8:55:00,Morning
ussr,Underground,Thursday,1979,5,31,8:55:00,Morning
ussr,Underground,Thursday,1979,5,31,8:55:00,Morning
ussr,Underground,Thursday,1979,5,31,8:55:00,Morning
ussr,Underground,Tuesday,1979,6,12,3:00:00,Night
ussr,Underground,Saturday,1979,6,23,5:57:00,Night
ussr,Underground,Saturday,1979,7,7,6:47:00,Morning
ussr,Underground,Saturday,1979,7,7,6:47:00,Morning
ussr,Underground,Saturday,1979,7,14,7:59:58,Morning
ussr,Underground,Saturday,1979,7,14,7:59:58,Morning
ussr,Underground,Saturday,1979,7,14,7:59:58,Morning
ussr,Underground,Wednesday,1979,7,18,6:17:05,Morning
ussr,Underground,Wednesday,1979,7,18,6:17:05,Morning
ussr,Underground,Saturday,1979,8,4,6:57:00,Morning
ussr,Underground,Saturday,1979,8,4,6:57:00,Morning
ussr,Underground,Sunday,1979,8,12,21:00:00,Evening
ussr,Underground,Saturday,1979,8,18,5:52:00,Night
ussr,Underground,Saturday,1979,8,18,5:52:00,Night
ussr,Underground,Thursday,1979,9,6,21:00:00,Evening
ussr,Underground,Sunday,1979,9,16,12:00:00,Afternoon
ussr,Underground,Monday,1979,9,24,6:29:59,Morning
ussr,Underground,Monday,1979,9,24,6:29:59,Morning
ussr,Underground,Monday,1979,9,24,6:29:59,Morning
ussr,Underground,Thursday,1979,9,27,7:13:00,Morning
ussr,Underground,Thursday,1979,10,4,19:00:00,Evening
ussr,Underground,Sunday,1979,10,7,0:00:00,Night
ussr,Underground,Thursday,1979,10,18,10:09:59,Morning
ussr,Underground,Thursday,1979,10,18,7:17:00,Morning
ussr,Underground,Thursday,1979,10,18,7:17:00,Morning
ussr,Underground,Thursday,1979,10,18,10:09:59,Morning
ussr,Underground,Thursday,1979,10,18,10:09:59,Morning
ussr,Underground,Thursday,1979,10,18,10:09:59,Morning
ussr,Underground,Wednesday,1979,10,24,8:59:59,Morning
ussr,Underground,Wednesday,1979,10,24,8:59:59,Morning
ussr,Underground,Sunday,1979,10,28,6:17:00,Morning
ussr,Underground,Sunday,1979,10,28,6:17:00,Morning
ussr,Underground,Friday,1979,11,30,7:53:01,Morning
ussr,Underground,Sunday,1979,12,2,7:37:00,Morning
ussr,Underground,Sunday,1979,12,2,7:37:00,Morning
ussr,Underground,Friday,1979,12,21,7:42:00,Morning
ussr,Underground,Sunday,1979,12,23,7:57:00,Morning
ussr,Underground,Sunday,1979,12,23,7:57:00,Morning
ussr,Underground,Friday,1980,3,14,3:00:00,Night
ussr,Underground,Friday,1980,4,4,8:33:00,Morning
ussr,Underground,Thursday,1980,4,10,7:07:00,Morning
ussr,Underground,Thursday,1980,4,10,7:07:00,Morning
ussr,Underground,Friday,1980,4,25,6:57:00,Morning
ussr,Underground,Friday,1980,4,25,6:57:00,Morning
ussr,Underground,Thursday,1980,5,22,6:57:00,Morning
ussr,Underground,Thursday,1980,5,22,6:57:00,Morning
ussr,Underground,Thursday,1980,5,22,6:57:00,Morning
ussr,Underground,Thursday,1980,6,12,6:27:00,Morning
ussr,Underground,Monday,1980,6,16,9:00:00,Morning
ussr,Underground,Wednesday,1980,6,25,9:00:00,Morning
ussr,Underground,Wednesday,1980,6,25,5:27:00,Night
ussr,Underground,Sunday,1980,6,29,5:33:00,Night
ussr,Underground,Sunday,1980,6,29,5:33:00,Night
ussr,Underground,Sunday,1980,6,29,5:33:00,Night
ussr,Underground,Thursday,1980,7,31,6:33:00,Morning
ussr,Underground,Thursday,1980,7,31,6:33:00,Morning
ussr,Underground,Sunday,1980,9,14,5:42:42,Night
ussr,Underground,Thursday,1980,9,25,9:21:13,Morning
ussr,Underground,Wednesday,1980,10,8,9:00:00,Morning
ussr,Underground,Saturday,1980,10,11,10:09:57,Morning
ussr,Underground,Saturday,1980,10,11,10:09:58,Morning
ussr,Underground,Saturday,1980,10,11,10:09:58,Morning
ussr,Underground,Saturday,1980,10,11,10:09:58,Morning
ussr,Underground,Saturday,1980,10,11,10:09:58,Morning
ussr,Underground,Saturday,1980,10,11,10:09:58,Morning
ussr,Underground,Saturday,1980,10,11,10:09:58,Morning
ussr,Underground,Sunday,1980,10,12,6:34:17,Morning
ussr,Underground,Sunday,1980,10,12,6:34:17,Morning
ussr,Underground,Thursday,1980,10,23,6:57:11,Morning
ussr,Underground,Saturday,1980,11,1,16:00:00,Afternoon
ussr,Underground,Friday,1980,12,5,7:17:00,Morning
ussr,Underground,Friday,1980,12,5,7:17:16,Morning
ussr,Underground,Friday,1980,12,5,7:17:16,Morning
ussr,Underground,Friday,1980,12,5,7:17:16,Morning
ussr,Underground,Wednesday,1980,12,10,10:00:00,Morning
ussr,Underground,Sunday,1980,12,14,6:47:09,Morning
ussr,Underground,Sunday,1980,12,14,6:47:09,Morning
ussr,Underground,Sunday,1980,12,14,6:47:09,Morning
ussr,Underground,Friday,1980,12,26,7:07:09,Morning
ussr,Underground,Saturday,1980,12,27,7:09:11,Morning
ussr,Underground,Saturday,1980,12,27,7:09:11,Morning
ussr,Underground,Wednesday,1981,3,25,3:00:00,Night
ussr,Underground,Sunday,1981,3,29,7:03:53,Morning
ussr,Underground,Sunday,1981,3,29,7:03:53,Morning
ussr,Underground,Sunday,1981,3,29,7:03:53,Morning
ussr,Underground,Wednesday,1981,4,22,5:17:14,Night
ussr,Underground,Wednesday,1981,4,22,5:17:14,Night
ussr,Underground,Wednesday,1981,4,22,5:17:14,Night
ussr,Underground,Monday,1981,5,25,9:00:00,Morning
ussr,Underground,Wednesday,1981,5,27,7:58:15,Morning
ussr,Underground,Thursday,1981,6,4,4:00:00,Night
ussr,Underground,Tuesday,1981,6,30,5:57:15,Night
ussr,Underground,Tuesday,1981,6,30,5:57:15,Night
ussr,Underground,Friday,1981,7,17,6:37:18,Morning
ussr,Underground,Friday,1981,8,14,6:27:15,Morning
ussr,Underground,Friday,1981,8,14,6:27:15,Morning
ussr,Underground,Friday,1981,8,14,6:27:15,Morning
ussr,Underground,Wednesday,1981,9,2,8:00:00,Morning
ussr,Underground,Sunday,1981,9,13,6:17:21,Morning
ussr,Underground,Saturday,1981,9,26,9:00:00,Morning
ussr,Underground,Saturday,1981,9,26,9:04:00,Morning
ussr,Underground,Thursday,1981,10,1,15:14:57,Afternoon
ussr,Underground,Thursday,1981,10,1,15:14:57,Afternoon
ussr,Underground,Thursday,1981,10,1,15:14:57,Afternoon
ussr,Underground,Thursday,1981,10,1,15:14:57,Afternoon
ussr,Underground,Friday,1981,10,16,3:00:00,Night
ussr,Underground,Sunday,1981,10,18,6:57:05,Morning
ussr,Underground,Sunday,1981,10,18,6:57:05,Morning
ussr,Underground,Thursday,1981,10,22,17:00:00,Afternoon
ussr,Underground,Friday,1981,11,20,7:57:05,Morning
ussr,Underground,Friday,1981,11,20,7:57:05,Morning
ussr,Underground,Sunday,1981,11,29,6:35:11,Morning
ussr,Underground,Sunday,1981,11,29,6:35:11,Morning
ussr,Underground,Sunday,1981,11,29,6:35:11,Morning
ussr,Underground,Tuesday,1981,12,22,7:31:05,Morning
ussr,Underground,Tuesday,1981,12,22,7:31:05,Morning
ussr,Underground,Tuesday,1981,12,22,7:31:05,Morning
ussr,Underground,Sunday,1981,12,27,6:43:17,Morning
ussr,Underground,Friday,1982,2,19,6:56:13,Morning
ussr,Underground,Friday,1982,2,19,6:56:13,Morning
ussr,Underground,Tuesday,1982,4,6,4:00:00,Night
ussr,Underground,Sunday,1982,4,25,7:23:08,Morning
ussr,Underground,Sunday,1982,4,25,7:23:08,Morning
ussr,Underground,Sunday,1982,4,25,7:23:08,Morning
ussr,Underground,Friday,1982,6,25,6:03:07,Morning
ussr,Underground,Friday,1982,6,25,6:03:07,Morning
ussr,Underground,Sunday,1982,7,4,5:17:17,Night
ussr,Underground,Sunday,1982,7,4,5:17:17,Night
ussr,Underground,Sunday,1982,7,4,5:17:17,Night
ussr,Underground,Friday,1982,7,30,1:00:00,Night
ussr,Underground,Monday,1982,8,23,6:43:07,Morning
ussr,Underground,Monday,1982,8,23,6:43:07,Morning
ussr,Underground,Tuesday,1982,8,31,5:31:03,Night
ussr,Underground,Tuesday,1982,8,31,5:31:03,Night
ussr,Underground,Saturday,1982,9,4,22:00:00,Evening
ussr,Underground,Tuesday,1982,9,21,6:57:03,Morning
ussr,Underground,Tuesday,1982,9,21,6:57:03,Morning
ussr,Underground,Saturday,1982,9,25,22:00:00,Evening
ussr,Underground,Sunday,1982,10,10,8:00:00,Morning
ussr,Underground,Monday,1982,10,11,10:14:59,Morning
ussr,Underground,Monday,1982,10,11,10:14:59,Morning
ussr,Underground,Monday,1982,10,11,10:14:59,Morning
ussr,Underground,Monday,1982,10,11,10:14:59,Morning
ussr,Underground,Saturday,1982,10,16,9:00:00,Morning
ussr,Underground,Saturday,1982,10,16,9:05:00,Morning
ussr,Underground,Saturday,1982,10,16,9:10:00,Morning
ussr,Underground,Saturday,1982,10,16,9:15:00,Morning
ussr,Underground,Sunday,1982,12,5,6:37:15,Morning
ussr,Underground,Sunday,1982,12,5,6:37:15,Morning
ussr,Underground,Saturday,1982,12,25,7:23:08,Morning
ussr,Underground,Saturday,1982,12,25,7:23:08,Morning
ussr,Underground,Sunday,1982,12,26,6:35:17,Morning
ussr,Underground,Sunday,1982,12,26,6:35:17,Morning
ussr,Underground,Friday,1983,3,11,3:00:00,Night
ussr,Underground,Wednesday,1983,3,30,7:17:10,Morning
ussr,Underground,Monday,1983,4,11,4:00:00,Night
ussr,Underground,Tuesday,1983,4,12,7:41:08,Morning
ussr,Underground,Monday,1983,5,30,7:33:47,Morning
ussr,Underground,Monday,1983,5,30,7:33:47,Morning
ussr,Underground,Thursday,1983,6,9,4:00:00,Night
ussr,Underground,Sunday,1983,6,12,6:36:46,Morning
ussr,Underground,Sunday,1983,6,12,6:36:46,Morning
ussr,Underground,Friday,1983,6,24,6:56:14,Morning
ussr,Underground,Sunday,1983,7,10,8:00:00,Morning
ussr,Underground,Sunday,1983,7,10,8:05:00,Morning
ussr,Underground,Sunday,1983,7,10,8:10:00,Morning
ussr,Underground,Thursday,1983,8,18,20:09:59,Evening
ussr,Underground,Thursday,1983,8,18,20:09:59,Evening
ussr,Underground,Thursday,1983,8,18,20:09:59,Evening
ussr,Underground,Thursday,1983,8,18,20:09:59,Evening
ussr,Underground,Thursday,1983,8,18,20:09:59,Evening
ussr,Underground,Sunday,1983,9,11,10:33:13,Morning
ussr,Underground,Saturday,1983,9,24,9:00:00,Morning
ussr,Underground,Saturday,1983,9,24,9:05:00,Morning
ussr,Underground,Saturday,1983,9,24,9:10:00,Morning
ussr,Underground,Saturday,1983,9,24,9:15:00,Morning
ussr,Underground,Saturday,1983,9,24,9:20:00,Morning
ussr,Underground,Saturday,1983,9,24,9:25:00,Morning
ussr,Underground,Sunday,1983,9,25,17:09:58,Afternoon
ussr,Underground,Sunday,1983,9,25,17:09:58,Afternoon
ussr,Underground,Sunday,1983,9,25,17:09:58,Afternoon
ussr,Underground,Sunday,1983,9,25,17:09:58,Afternoon
ussr,Underground,Thursday,1983,10,6,4:47:09,Night
ussr,Underground,Thursday,1983,10,6,4:47:09,Night
ussr,Underground,Wednesday,1983,10,26,4:55:07,Night
ussr,Underground,Wednesday,1983,11,2,7:18:54,Morning
ussr,Underground,Sunday,1983,11,20,6:27:07,Morning
ussr,Underground,Sunday,1983,11,20,6:27:07,Morning
ussr,Underground,Tuesday,1983,11,29,5:19:09,Night
ussr,Underground,Tuesday,1983,11,29,5:19:00,Night
ussr,Underground,Tuesday,1983,11,29,5:19:09,Night
ussr,Underground,Monday,1983,12,26,7:29:09,Morning
ussr,Underground,Sunday,1984,2,19,6:57:06,Morning
ussr,Underground,Wednesday,1984,3,7,5:39:09,Night
ussr,Underground,Thursday,1984,3,29,8:19:11,Morning
ussr,Underground,Sunday,1984,4,15,7:17:11,Morning
ussr,Underground,Sunday,1984,4,15,7:17:12,Morning
ussr,Underground,Wednesday,1984,4,25,5:09:06,Night
ussr,Underground,Wednesday,1984,4,25,5:09:06,Night
ussr,Underground,Saturday,1984,5,26,7:13:15,Morning
ussr,Underground,Saturday,1984,5,26,7:13:15,Morning
ussr,Underground,Thursday,1984,6,7,4:00:00,Night
ussr,Underground,Saturday,1984,7,14,5:09:13,Night
ussr,Underground,Saturday,1984,7,14,5:09:13,Night
ussr,Underground,Saturday,1984,7,21,7:00:00,Morning
ussr,Underground,Saturday,1984,7,21,7:05:00,Morning
ussr,Underground,Saturday,1984,7,21,7:10:00,Morning
ussr,Underground,Saturday,1984,8,11,23:00:00,Evening
ussr,Underground,Saturday,1984,8,25,23:00:00,Evening
ussr,Underground,Sunday,1984,8,26,7:30:00,Morning
ussr,Underground,Monday,1984,8,27,10:00:00,Morning
ussr,Underground,Monday,1984,8,27,10:00:00,Morning
ussr,Underground,Tuesday,1984,8,28,7:00:00,Morning
ussr,Underground,Tuesday,1984,8,28,7:05:00,Morning
ussr,Underground,Sunday,1984,9,9,6:59:09,Morning
ussr,Underground,Sunday,1984,9,9,6:59:09,Morning
ussr,Underground,Sunday,1984,9,9,6:59:09,Morning
ussr,Underground,Sunday,1984,9,9,6:59:09,Morning
ussr,Underground,Monday,1984,9,17,1:00:00,Night
ussr,Underground,Thursday,1984,10,18,7:57:08,Morning
ussr,Underground,Thursday,1984,10,25,9:29:58,Morning
ussr,Underground,Thursday,1984,10,25,3:00:00,Night
ussr,Underground,Thursday,1984,10,25,9:29:58,Morning
ussr,Underground,Thursday,1984,10,25,9:29:58,Morning
ussr,Underground,Thursday,1984,10,25,9:29:58,Morning
ussr,Underground,Saturday,1984,10,27,4:50:13,Night
ussr,Underground,Saturday,1984,10,27,9:00:00,Morning
ussr,Underground,Saturday,1984,10,27,9:05:00,Morning
ussr,Underground,Friday,1984,11,23,6:55:07,Morning
ussr,Underground,Friday,1984,11,23,6:55:08,Morning
ussr,Underground,Friday,1984,11,23,6:55:08,Morning
ussr,Underground,Sunday,1984,12,2,6:19:09,Morning
ussr,Underground,Sunday,1984,12,2,6:19:09,Morning
ussr,Underground,Sunday,1984,12,16,6:55:05,Morning
ussr,Underground,Sunday,1984,12,16,6:55:05,Morning
ussr,Underground,Friday,1984,12,28,6:50:13,Morning
ussr,Underground,Friday,1984,12,28,6:50:13,Morning
ussr,Underground,Sunday,1985,2,10,6:27:10,Morning
ussr,Underground,Sunday,1985,2,10,6:27:10,Morning
ussr,Underground,Sunday,1985,2,10,6:27:10,Morning
ussr,Underground,Thursday,1985,4,25,4:57:09,Night
ussr,Underground,Thursday,1985,4,25,4:57:09,Night
ussr,Underground,Saturday,1985,6,15,4:57:03,Night
ussr,Underground,Saturday,1985,6,15,4:57:03,Night
ussr,Underground,Saturday,1985,6,15,4:57:03,Night
ussr,Underground,Tuesday,1985,6,18,8:00:00,Morning
ussr,Underground,Sunday,1985,6,30,6:39:05,Morning
ussr,Underground,Sunday,1985,6,30,6:39:05,Morning
ussr,Underground,Thursday,1985,7,11,6:57:02,Morning
ussr,Underground,Thursday,1985,7,18,1:15:00,Night
ussr,Underground,Friday,1985,7,19,8:00:08,Morning
ussr,Underground,Saturday,1985,7,20,4:53:17,Night
ussr,Underground,Thursday,1985,7,25,7:11:09,Morning
ussr,Underground,Thursday,1985,7,25,7:11:09,Morning
ussr,Underground,Thursday,1985,7,25,7:11:09,Morning
ussr,Underground,Thursday,1985,7,25,7:11:09,Morning
ussr,Underground,Thursday,1987,2,26,7:58:24,Morning
ussr,Underground,Thursday,1987,3,12,4:57:20,Night
ussr,Underground,Thursday,1987,3,12,4:57:20,Night
ussr,Underground,Friday,1987,4,3,5:17:10,Night
ussr,Underground,Friday,1987,4,3,5:17:12,Night
ussr,Underground,Friday,1987,4,3,5:17:12,Night
ussr,Underground,Friday,1987,4,3,5:17:12,Night
ussr,Underground,Friday,1987,4,17,5:03:07,Night
ussr,Underground,Friday,1987,4,17,5:03:07,Night
ussr,Underground,Friday,1987,4,17,5:03:07,Night
ussr,Underground,Friday,1987,4,17,4:00:00,Night
ussr,Underground,Sunday,1987,4,19,8:00:00,Morning
ussr,Underground,Sunday,1987,4,19,8:05:00,Morning
ussr,Underground,Wednesday,1987,5,6,8:02:08,Morning
ussr,Underground,Saturday,1987,6,6,6:37:09,Morning
ussr,Underground,Saturday,1987,6,20,4:53:07,Night
ussr,Underground,Saturday,1987,6,20,4:53:07,Night
ussr,Underground,Tuesday,1987,7,7,4:00:00,Night
ussr,Underground,Friday,1987,7,17,5:17:09,Night
ussr,Underground,Friday,1987,7,24,6:00:00,Morning
ussr,Underground,Sunday,1987,8,2,4:58:09,Night
ussr,Underground,Sunday,1987,8,2,4:58:09,Night
ussr,Underground,Sunday,1987,8,2,4:58:09,Night
ussr,Underground,Sunday,1987,8,2,6:00:00,Morning
ussr,Underground,Sunday,1987,8,2,6:00:00,Morning
ussr,Underground,Sunday,1987,8,2,6:00:00,Morning
ussr,Underground,Sunday,1987,8,2,6:00:00,Morning
ussr,Underground,Sunday,1987,8,2,6:00:00,Morning
ussr,Underground,Wednesday,1987,8,12,5:30:01,Night
ussr,Underground,Friday,1987,9,18,6:32:10,Morning
ussr,Underground,Friday,1987,9,18,6:32:10,Morning
ussr,Underground,Saturday,1987,10,3,18:15:00,Evening
ussr,Underground,Friday,1987,10,16,9:06:07,Morning
ussr,Underground,Sunday,1987,11,15,6:31:09,Morning
ussr,Underground,Sunday,1987,11,15,6:31:09,Morning
ussr,Underground,Sunday,1987,12,13,6:21:07,Morning
ussr,Underground,Sunday,1987,12,13,6:21:07,Morning
ussr,Underground,Sunday,1987,12,20,5:55:09,Night
ussr,Underground,Sunday,1987,12,27,6:05:07,Morning
ussr,Underground,Sunday,1987,12,27,6:05:07,Morning
ussr,Underground,Saturday,1988,2,6,7:19:09,Morning
ussr,Underground,Saturday,1988,2,6,7:19:09,Morning
ussr,Underground,Saturday,1988,2,6,7:19:09,Morning
ussr,Underground,Saturday,1988,2,13,6:05:08,Morning
ussr,Underground,Saturday,1988,2,13,6:05:08,Morning
ussr,Underground,Sunday,1988,4,3,5:33:08,Night
ussr,Underground,Friday,1988,4,22,13:30:09,Afternoon
ussr,Underground,Wednesday,1988,5,4,4:57:09,Night
ussr,Underground,Saturday,1988,5,7,2:49:58,Night
ussr,Underground,Saturday,1988,5,7,2:49:58,Night
ussr,Underground,Saturday,1988,5,7,2:49:58,Night
ussr,Underground,Tuesday,1988,6,14,6:27:09,Morning
ussr,Underground,Monday,1988,8,22,20:20:00,Evening
ussr,Underground,Tuesday,1988,9,6,20:20:00,Evening
ussr,Underground,Wednesday,1988,9,14,8:00:00,Morning
ussr,Underground,Tuesday,1988,10,18,6:40:09,Morning
ussr,Underground,Saturday,1988,11,12,6:30:06,Morning
ussr,Underground,Wednesday,1988,11,23,6:57:09,Morning
ussr,Underground,Wednesday,1988,11,23,6:57:09,Morning
ussr,Underground,Wednesday,1988,11,23,6:57:09,Morning
ussr,Underground,Sunday,1988,12,4,8:19:53,Morning
ussr,Underground,Sunday,1988,12,4,8:19:53,Morning
ussr,Underground,Sunday,1988,12,4,8:19:53,Morning
ussr,Underground,Sunday,1988,12,4,8:19:53,Morning
ussr,Underground,Sunday,1988,12,4,8:19:53,Morning
ussr,Underground,Saturday,1988,12,17,7:18:09,Morning
ussr,Underground,Saturday,1988,12,17,7:18:09,Morning
ussr,Underground,Wednesday,1988,12,28,8:28:10,Morning
ussr,Underground,Wednesday,1988,12,28,8:28:10,Morning
ussr,Underground,Sunday,1989,1,22,6:57:09,Morning
ussr,Underground,Sunday,1989,1,22,6:57:09,Morning
ussr,Underground,Sunday,1989,2,12,7:15:09,Morning
ussr,Underground,Friday,1989,2,17,7:01:09,Morning
ussr,Underground,Saturday,1989,7,8,7:47:00,Morning
ussr,Underground,Saturday,1989,9,2,8:17:00,Morning
ussr,Underground,Saturday,1989,9,2,8:17:00,Morning
ussr,Underground,Wednesday,1989,10,4,14:30:00,Afternoon
ussr,Underground,Thursday,1989,10,19,12:50:00,Afternoon
ussr,Underground,Thursday,1989,10,19,12:50:00,Afternoon
ussr,Underground,Thursday,1989,10,19,12:50:00,Afternoon
ussr,Underground,Wednesday,1990,10,24,17:57:58,Afternoon
ussr,Underground,Wednesday,1990,10,24,17:57:59,Afternoon
ussr,Underground,Wednesday,1990,10,24,17:57:59,Afternoon
ussr,Underground,Wednesday,1990,10,24,17:57:59,Afternoon
ussr,Underground,Wednesday,1990,10,24,17:57:59,Afternoon
ussr,Underground,Wednesday,1990,10,24,17:57:59,Afternoon
ussr,Underground,Wednesday,1990,10,24,17:57:59,Afternoon
ussr,Underground,Wednesday,1990,10,24,17:57:59,Afternoon